run,seed,parsed,tool_acc,arg_acc,delta_parsed_vs_seed42,delta_tool_acc_vs_seed42,delta_arg_acc_vs_seed42
llama_Alinear,42,0.9968152866242038,0.45686900958466453,0.6213791267305645,0.0,0.0,0.0
llama_Alinear,2,0.9968152866242038,0.4472843450479233,0.6200479233226838,0.0,-0.00958466453674124,-0.0013312034078806984
mistral_AB,42,0.9936305732484076,0.5064102564102564,0.6459401709401709,0.0,0.0,0.0
mistral_AB,2,0.8821656050955414,0.5415162454873647,0.6611612515042118,-0.11146496815286621,0.0351059890771083,0.015221080564040882
mistral_AB,3,0.9936305732484076,0.5160256410256411,0.64375,0.0,0.009615384615384692,-0.0021901709401709003
